"","date","province","vaxPop","secondVaxPop","firstJabs","secondJabs","jabs","eli_pop","pop","province2"
"1",2021-09-25,"bc",4065189.125,3716860.375,NA,NA,NA,4577078,5174724,"BC"
"2",2021-09-26,"bc",4070937.25,3724327.27199067,5748.125,7466.89699066663,13215.0219906666,4577078,5174724,"BC"
"3",2021-09-27,"bc",4076649.41377125,3731790.58219154,5712.16377125168,7463.31020086911,13175.4739721208,4577078,5174724,"BC"
"4",2021-09-28,"bc",4082316.89057364,3739250.11896574,5667.47680238355,7459.53677420784,13127.0135765914,4577078,5174724,"BC"
"5",2021-09-29,"bc",4087927.44421803,3746705.66138993,5610.55364439776,7455.5424241852,13066.096068583,4577078,5174724,"BC"
"6",2021-09-30,"bc",4093463.2133262,3754156.93961092,5535.76910816738,7451.27822099254,12987.0473291599,4577078,5174724,"BC"
"7",2021-10-01,"bc",4098896.77718291,3761603.60993383,5433.56385670695,7446.6703229039,12880.2341796109,4577078,5174724,"BC"
"8",2021-10-02,"bc",4104183.21309451,3769045.20896638,5286.43591160374,7441.59903255198,12728.0349441557,4577078,5174724,"BC"
"9",2021-10-03,"bc",4109242.29351065,3776481.06007553,5059.08041613409,7435.85110915592,12494.93152529,4577078,5174724,"BC"
"10",2021-10-04,"bc",4113912.78992913,3783910.05430929,4670.49641848868,7428.99423375446,12099.4906522431,4577078,5174724,"BC"
"11",2021-10-05,"bc",4117813.5543463,3791330.03193058,3900.7644171617,7419.97762129689,11320.7420384586,4577078,5174724,"BC"
"12",2021-10-06,"bc",4119871.4006633,3798735.64928696,2057.84631700302,7405.61735637998,9463.463673383,4577078,5174724,"BC"
"13",2021-10-07,"bc",4118670.72295427,3806115.56938005,-1200.67770902859,7379.92009308934,6179.24238406075,4577078,5174724,"BC"
"14",2021-10-08,"bc",4119807.65350774,3813473.33551687,1136.9305534726,7357.76613682089,8494.69669029349,4577078,5174724,"BC"
"15",2021-10-09,"bc",4118785.40649596,3820796.53693073,-1022.24701177981,7323.20141385356,6300.95440207375,4577078,5174724,"BC"
"16",2021-10-10,"bc",4119766.04466256,3828087.88381831,980.63816659525,7291.34688758058,8271.98505417584,4577078,5174724,"BC"
"17",2021-10-11,"bc",4118855.61317159,3835329.66536989,-910.431490968447,7241.78155158553,6331.35006061709,4577078,5174724,"BC"
"18",2021-10-12,"bc",4119735.58905635,3842522.90514725,879.975884763058,7193.23977736011,8073.21566212317,4577078,5174724,"BC"
"19",2021-10-13,"bc",4118904.79170595,3849638.82588304,-830.797350397799,7115.92073578993,6285.12338539213,4577078,5174724,"BC"
"20",2021-10-14,"bc",4119711.85059024,3856673.57726139,807.05888428865,7034.75137834297,7841.81026263162,4577078,5174724,"BC"
"21",2021-10-15,"bc",4118941.87474328,3863571.62678377,-769.975846958812,6898.04952238733,6128.07367542852,4577078,5174724,"BC"
"22",2021-10-16,"bc",4119692.58117048,3870311.77205676,750.706427192781,6740.14527298976,7490.85170018254,4577078,5174724,"BC"
"23",2021-10-17,"bc",4118971.19371132,3876753.70893636,-721.387459159829,6441.93687959714,5720.54942043731,4577078,5174724,"BC"
"24",2021-10-18,"bc",4119676.48467867,3882792.4280115,705.290967354085,6038.71907513868,6744.01004249277,4577078,5174724,"BC"
"25",2021-10-19,"bc",4118995.15894733,3887846.47524882,-681.325731338467,5054.04723731894,4372.72150598047,4577078,5174724,"BC"
"26",2021-10-20,"bc",4119662.74740121,3891182.80765783,667.588453877252,3336.3324090126,4003.92086288985,4577078,5174724,"BC"
"27",2021-10-21,"bc",4119015.23974291,3888473.60300998,-647.507658300456,-2709.20464784745,-3356.71230614791,4577078,5174724,"BC"
"28",2021-10-22,"bc",4119650.82628738,3891358.12070168,635.586544468999,2884.51769170025,3520.10423616925,4577078,5174724,"BC"
"29",2021-10-23,"bc",4119032.39234042,3888032.53746201,-618.433946959209,-3325.58323966991,-3944.01718662912,4577078,5174724,"BC"
"30",2021-10-24,"bc",4119640.34176244,3891231.81229341,607.949422022328,3199.27483139513,3807.22425341746,4577078,5174724,"BC"
"31",2021-10-25,"bc",4119047.27070517,3888453.57019963,-593.071057270281,-2778.24209378147,-3371.31315105176,4577078,5174724,"BC"
"32",2021-10-26,"bc",4119631.01869236,3891339.12321581,583.747987184208,2885.55301617971,3469.30100336391,4577078,5174724,"BC"
"33",2021-10-27,"bc",4119060.33984799,3888196.70666451,-570.678844367154,-3142.41655130265,-3713.09539566981,4577078,5174724,"BC"
"34",2021-10-28,"bc",4119622.65169616,3891269.09925396,562.311848166864,3072.39258945314,3634.70443762001,4577078,5174724,"BC"
"35",2021-10-29,"bc",4119071.9410028,3888438.76521114,-550.71069335239,-2830.33404281735,-3381.04473616974,4577078,5174724,"BC"
"36",2021-10-30,"bc",4119615.08368955,3891324.12712145,543.142686750274,2885.36191030871,3428.50459705899,4577078,5174724,"BC"
"37",2021-10-31,"bc",4119082.3311782,3888321.79724533,-532.752511350438,-3002.32987612253,-3535.08238747297,4577078,5174724,"BC"
"38",2021-11-01,"bc",4119608.19204451,3891291.89538918,525.860866305418,2970.09814384812,3495.95901015354,4577078,5174724,"BC"
"39",2021-11-02,"bc",4119091.70823221,3888446.09186661,-516.483812297694,-2845.80352256494,-3362.28733486263,4577078,5174724,"BC"
"40",2021-11-03,"bc",4119601.87934412,3891315.94417121,510.171111908276,2869.85230459785,3380.02341650613,4577078,5174724,"BC"
"41",2021-11-04,"bc",4119100.22735967,3888409.72449867,-501.651984454133,-2906.21967253927,-3407.8716569934,4577078,5174724,"BC"
"42",2021-11-05,"bc",4119596.06702166,3891303.72358853,495.839661990758,2893.9990898571,3389.83875184786,4577078,5174724,"BC"
"43",2021-11-06,"bc",4119108.0122734,3888471.30431668,-488.054748258088,-2832.41927185003,-3320.47402010811,4577078,5174724,"BC"
"44",2021-11-07,"bc",4119590.69087135,3891312.8711143,482.678597952705,2841.56679762667,3324.24539557938,4577078,5174724,"BC"
"45",2021-11-08,"bc",4119115.16299091,3888471.48017152,-475.527880439535,-2841.39094278682,-3316.91882322636,4577078,5174724,"BC"
"46",2021-11-09,"bc",4119585.69780945,3891309.15414618,470.534818537533,2837.67397465929,3308.20879319683,4577078,5174724,"BC"
"47",2021-11-10,"bc",4119121.7613836,3888504.9458789,-463.93642584607,-2804.20826727385,-3268.14469311992,4577078,5174724,"BC"
"48",2021-11-11,"bc",4119581.04349161,3891312.27585696,459.28210800793,2807.32997805998,3266.61208606791,4577078,5174724,"BC"
"49",2021-11-12,"bc",4119127.87521231,3888517.93663662,-453.168279299978,-2794.3392203385,-3247.50749963848,4577078,5174724,"BC"
"50",2021-11-13,"bc",4119576.69052995,3891311.43559063,448.815317638684,2793.4989540088,3242.31427164748,4577078,5174724,"BC"
"51",2021-11-14,"bc",4119133.5611151,3888540.13062602,-443.12941485364,-2771.30496461038,-3214.43437946402,4577078,5174724,"BC"
"52",2021-11-15,"bc",4119572.60713824,3891312.41021663,439.046023144387,2772.27959060576,3211.32561375014,4577078,5174724,"BC"
"53",2021-11-16,"bc",4119138.86685489,3888556.02209027,-433.74028335046,-2756.38812636072,-3190.12840971118,4577078,5174724,"BC"
"54",2021-11-17,"bc",4119568.76608826,3891312.28156438,429.899233371951,2756.25947411172,3186.15870748367,4577078,5174724,"BC"
"55",2021-11-18,"bc",4119143.83303476,3888573.64679951,-424.93305350421,-2738.6347648669,-3163.56781837111,4577078,5174724,"BC"
"56",2021-11-19,"bc",4119565.1438958,3891312.51594237,421.310861041769,2738.86914285785,3160.18000389962,4577078,5174724,"BC"
"57",2021-11-20,"bc",4119148.49442391,3888589.18802186,-416.649471891113,-2723.32792050997,-3139.97739240108,4577078,5174724,"BC"
"58",2021-11-21,"bc",4119561.72017859,3891312.43957745,413.225754687097,2723.25155559415,3136.47731028125,4577078,5174724,"BC"
"59",2021-11-22,"bc",4119152.88099489,3888604.56081061,-408.839183707256,-2707.87876684126,-3116.71795054851,4577078,5174724,"BC"
"60",2021-11-23,"bc",4119558.47714471,3891312.38069425,405.59614982456,2707.81988363387,3113.41603345843,4577078,5174724,"BC"
"61",2021-11-24,"bc",4119157.01874358,3888618.98485457,-401.458401130047,-2693.39583968092,-3094.85424081096,4577078,5174724,"BC"
"62",2021-11-25,"bc",4119555.39918098,3891312.21003786,398.380437393207,2693.22518329974,3091.60562069295,4577078,5174724,"BC"
"63",2021-11-26,"bc",4119160.93034389,3888632.88665621,-394.468837088905,-2679.32338165306,-3073.79221874196,4577078,5174724,"BC"
"64",2021-11-27,"bc",4119552.47251905,3891311.99640951,391.542175165378,2679.1097533009,3070.65192846628,4577078,5174724,"BC"
"65",2021-11-28,"bc",4119164.6356751,3888646.15676271,-387.836843951605,-2665.83964680322,-3053.67649075482,4577078,5174724,"BC"
"66",2021-11-29,"bc",4119549.68496236,3891311.72284626,385.049287257716,2665.56608355558,3050.61537081329,4577078,5174724,"BC"
"67",2021-11-30,"bc",4119168.15225033,3888658.90385322,-381.532712026499,-2652.81899304781,-3034.35170507431,4577078,5174724,"BC"
"68",2021-12-01,"bc",4119547.02566106,3891311.40587157,378.873410732485,2652.50201835623,3031.37542908872,4577078,5174724,"BC"
"69",2021-12-02,"bc",4119171.49556717,3888671.14100096,-375.53009389108,-2640.26487061335,-3015.79496450443,4577078,5174724,"BC"
"70",2021-12-03,"bc",4119544.48492545,3891311.04744643,372.989358278457,2639.90644547204,3012.89580375049,4577078,5174724,"BC"
"71",2021-12-04,"bc",4119174.6793968,3888682.91320923,-369.805528647732,-2628.13423720375,-2997.93976585148,4577078,5174724,"BC"
"72",2021-12-05,"bc",4119542.0540701,3891310.65399711,367.374673299491,2627.74078788329,2995.11546118278,4577078,5174724,"BC"
"73",2021-12-06,"bc",4119177.71602391,3888694.24837153,-364.338046192657,-2616.40562558174,-2980.7436717744,4577078,5174724,"BC"
"74",2021-12-07,"bc",4119539.72528305,3891310.2293747,362.009259143379,2615.98100317176,2977.99026231514,4577078,5174724,"BC"
"75",2021-12-08,"bc",4119180.61644704,3888705.17641007,-359.108836018015,-2605.05296463612,-2964.16180065414,4577078,5174724,"BC"
"76",2021-12-09,"bc",4119537.49151529,3891309.77757243,356.875068256166,2604.6011623675,2961.47623062367,4577078,5174724,"BC"
"77",2021-12-10,"bc",4119183.39054685,3888715.72280677,-354.100968446583,-2594.05476566171,-2948.1557341083,4577078,5174724,"BC"
"78",2021-12-11,"bc",4119535.34638696,3891309.30187492,351.955840117298,2593.57906814618,2945.53490826348,4577078,5174724,"BC"
"79",2021-12-12,"bc",4119186.04722822,3888725.91133077,-349.299158739392,-2583.39054414397,-2932.68970288336,4577078,5174724,"BC"
"80",2021-12-13,"bc",4119533.28410735,3891308.80524313,347.236879129428,2582.89391235169,2930.13079148112,4577078,5174724,"BC"
"81",2021-12-14,"bc",4119188.59454088,3888735.76347973,-344.689566475339,-2573.04176339181,-2917.73132986715,4577078,5174724,"BC"
"82",2021-12-15,"bc",4119531.29940632,3891308.29026389,342.70486544678,2572.52678415878,2915.23164960556,4577078,5174724,"BC"
"83",2021-12-16,"bc",4119191.03978219,3888745.29898392,-340.259624130093,-2562.99127997458,-2903.25090410467,4577078,5174724,"BC"
"84",2021-12-17,"bc",4119529.3874753,3891307.75923067,338.347693101503,2562.46024675667,2900.80793985818,4577078,5174724,"BC"
"85",2021-12-18,"bc",4119193.38958536,3888754.5359181,-335.997889938764,-2553.22331256978,-2889.22120250855,4577078,5174724,"BC"
"86",2021-12-19,"bc",4119527.54391624,3891307.21417255,334.154330882709,2552.67825444741,2886.83258533012,4577078,5174724,"BC"
"87",2021-12-20,"bc",4119195.64999516,3888763.49090206,-331.893921083771,-2543.72327049216,-2875.61719157593,4577078,5174724,"BC"
"88",2021-12-21,"bc",4119525.76469743,3891306.65689107,330.11470227642,2543.16598901479,2873.28069129121,4577078,5174724,"BC"
"89",2021-12-22,"bc",4119197.82653348,3888772.17924354,-327.938163951505,-2534.47764753597,-2862.41581148747,4577078,5174724,"BC"
"90",2021-12-23,"bc",4119524.04611492,3891306.08898808,326.219581438694,2533.90974454349,2860.12932598218,4577078,5174724,"BC"
"91",2021-12-24,"bc",4119199.92425611,3888780.61507288,-324.121858811006,-2525.47391519742,-2849.59577400843,4577078,5174724,"BC"
"92",2021-12-25,"bc",4119522.38475885,3891305.51189059,322.460502738599,2524.89681770932,2847.35732044792,4577078,5174724,"BC"
"93",2021-12-26,"bc",4119201.94780213,3888788.81145848,-320.436956720427,-2516.70043211337,-2837.1373888338,4577078,5174724,"BC"
"94",2021-12-27,"bc",4119520.77748394,3891304.92687192,318.829681813251,2516.1154134376,2834.94509525085,4577078,5174724,"BC"
"95",2021-12-28,"bc",4119203.9014371,3888796.78050919,-316.876046843361,-2508.14636272471,-2825.02240956808,4577078,5174724,"BC"
"96",2021-12-29,"bc",4119519.22138354,3891304.33506995,315.319946443196,2507.55456075259,2822.87450719578,4577078,5174724,"BC"
"97",2021-12-30,"bc",4119205.78909087,3888804.53346467,-313.432292670943,-2499.8016052735,-2813.23389794445,4577078,5174724,"BC"
"98",2021-12-31,"bc",4119517.7137667,3891303.73750296,311.924675833434,2499.20403828891,2811.12871412234,4577078,5174724,"BC"
"99",2022-01-01,"bc",4119207.61439082,3888812.0807754,-310.099375879858,-2491.65672755707,-2801.75610343693,4577078,5174724,"BC"
"100",2022-01-02,"bc",4119516.25213793,3891303.13508337,308.637747112196,2491.05430796323,2799.69205507543,4577078,5174724,"BC"
"101",2021-09-25,"ab",3203286.5,2766273,NA,NA,NA,3761125,4444277,"AB"
"102",2021-09-26,"ab",3221546.25,2772519.19654565,18259.75,6246.19654564839,24505.9465456484,3761125,4444277,"AB"
"103",2021-09-27,"ab",3239704.09889599,2778768.07450681,18157.8488959903,6248.87796116434,24406.7268571546,3761125,4444277,"AB"
"104",2021-09-28,"ab",3257736.79497219,2785019.41320963,18032.6960762013,6251.33870281465,24284.0347790159,3761125,4444277,"AB"
"105",2021-09-29,"ab",3275612.34103849,2791273.01157628,17875.5460663005,6253.59836665029,24129.1444329508,3761125,4444277,"AB"
"106",2021-09-30,"ab",3293285.1049882,2797528.68335923,17672.7639497072,6255.67178295273,23928.4357326599,3761125,4444277,"AB"
"107",2021-10-01,"ab",3310687.06184669,2803786.2519096,17401.9568584869,6257.56855036691,23659.5254088538,3761125,4444277,"AB"
"108",2021-10-02,"ab",3327710.93495245,2810045.54339391,17023.8731057686,6259.29148431122,23283.1645900798,3761125,4444277,"AB"
"109",2021-10-03,"ab",3344174.64994742,2816306.37608485,16463.7149949628,6260.8326909407,22724.5476859035,3761125,4444277,"AB"
"110",2021-10-04,"ab",3359737.05719304,2822568.53956775,15562.4072456188,6262.16348289745,21824.5707285162,3761125,4444277,"AB"
"111",2021-10-05,"ab",3373665.42632791,2828831.74477893,13928.3691348708,6263.2052111784,20191.5743460492,3761125,4444277,"AB"
"112",2021-10-06,"ab",3384073.62638065,2835095.47385296,10408.200052741,6263.7290740367,16671.9291267777,3761125,4444277,"AB"
"113",2021-10-07,"ab",3385784.29454809,2841358.51822607,1710.66816744627,6263.04437311133,7973.71254055761,3761125,4444277,"AB"
"114",2021-10-08,"ab",3384105.95484934,2847620.36614134,-1678.33969874959,6261.8479152699,4583.50821652031,3761125,4444277,"AB"
"115",2021-10-09,"ab",3385762.795412,2853881.47255201,1656.84056265093,6261.10641067009,7917.94697332103,3761125,4444277,"AB"
"116",2021-10-10,"ab",3384135.16558626,2860141.30333939,-1627.62982573779,6259.83078737464,4632.20096163685,3761125,4444277,"AB"
"117",2021-10-11,"ab",3385743.08431535,2866400.33002194,1607.91872909013,6259.02668254776,7866.94541163789,3761125,4444277,"AB"
"118",2021-10-12,"ab",3384161.73121816,2872657.99254829,-1581.3530971841,6257.66252635419,4676.3094291701,3761125,4444277,"AB"
"119",2021-10-13,"ab",3385724.920943,2878914.78160375,1563.18972483324,6256.7890554592,7819.97878029244,3761125,4444277,"AB"
"120",2021-10-14,"ab",3384186.02944267,2885170.10721888,-1538.89150032308,6255.32561513502,4716.43411481194,3761125,4444277,"AB"
"121",2021-10-15,"ab",3385708.10850125,2891424.48208547,1522.07905857498,6254.37486658711,7776.45392516209,3761125,4444277,"AB"
"122",2021-10-16,"ab",3384208.36628773,2897677.28179984,-1499.74221351976,6252.7997143697,4753.05750084994,3761125,4444277,"AB"
"123",2021-10-17,"ab",3385692.48398873,2903929.04420667,1484.11770099681,6251.76240683021,7735.88010782702,3761125,4444277,"AB"
"124",2021-10-18,"ab",3384228.99274727,2910179.1052818,-1463.49124145927,6250.06107512768,4786.56983366841,3761125,4444277,"AB"
"125",2021-10-19,"ab",3385677.9110178,2916428.0315546,1448.91827053251,6248.92627280625,7697.84454333875,3761125,4444277,"AB"
"126",2021-10-20,"ab",3384248.11691748,2922675.11335244,-1429.79410032229,6247.08179783495,4817.28769751266,3761125,4444277,"AB"
"127",2021-10-21,"ab",3385664.27442818,2928920.94989934,1416.15751070017,6245.83654689929,7661.99405759946,3761125,4444277,"AB"
"128",2021-10-22,"ab",3384265.91300741,2935164.77878813,-1398.36142077018,6243.82888879441,4845.46746802423,3761125,4444277,"AB"
"129",2021-10-23,"ab",3385651.47618414,2941407.23653777,1385.56317673065,6242.45774963219,7628.02092636283,3761125,4444277,"AB"
"130",2021-10-24,"ab",3384282.52813457,2947647.49958488,-1368.94804957183,6240.26304711122,4871.31499753939,3761125,4444277,"AB"
"131",2021-10-25,"ab",3385639.4322071,2953886.24707197,1356.90407253383,6238.7474870896,7595.65155962342,3761125,4444277,"AB"
"132",2021-10-26,"ab",3384298.08752267,2960122.58415999,-1341.3446844304,6236.33708801959,4894.99240358919,3761125,4444277,"AB"
"133",2021-10-27,"ab",3385628.06990033,2966357.23884471,1329.98237766093,6234.65468472801,7564.63706238894,3761125,4444277,"AB"
"134",2021-10-28,"ab",3384312.69852811,2972589.23271397,-1315.37137221871,6231.9938692553,4916.62249703659,3761125,4444277,"AB"
"135",2021-10-29,"ab",3385617.32619304,2978819.34996635,1304.62766492367,6230.11725238338,7534.74491730705,3761125,4444277,"AB"
"136",2021-10-30,"ab",3384326.45379531,2985046.5134945,-1290.87239772081,6227.16352815088,4936.29113043007,3761125,4444277,"AB"
"137",2021-10-31,"ab",3385607.14597918,2991271.57244968,1280.69218386337,6225.05895517999,7505.75113904336,3761125,4444277,"AB"
"138",2021-11-01,"ab",3384339.43375561,2997493.33219699,-1267.71222356753,6221.75974731008,4954.04752374254,3761125,4444277,"AB"
"139",2021-11-02,"ab",3385597.48085979,3003712.71735419,1258.04710417613,6219.38515720004,7477.43226137618,3761125,4444277,"AB"
"140",2021-11-03,"ab",3384351.70862542,3009928.39198102,-1245.77223436953,6215.67462682724,4969.9023924577,3761125,4444277,"AB"
"141",2021-11-04,"ab",3385588.2881211,3016141.36891637,1236.57949568471,6212.97693534568,7449.55643103039,3761125,4444277,"AB"
"142",2021-11-05,"ab",3384363.34001828,3022350.14043454,-1224.94810282579,6208.77151817549,4983.8234153497,3761125,4444277,"AB"
"143",2021-11-06,"ab",3385579.5298978,3028555.82322265,1216.18987951986,6205.68278810987,7421.87266762974,3761125,4444277,"AB"
"144",2021-11-07,"ab",3384374.38225606,3034756.69803339,-1205.14764173748,6200.87481073663,4995.72716899915,3761125,4444277,"AB"
"145",2021-11-08,"ab",3385571.17248275,3040954.00474661,1196.79022669233,6197.30671321647,7394.09693990881,3761125,4444277,"AB"
"146",2021-11-09,"ab",3384384.8834436,3047145.75979616,-1186.28903915361,6191.75504955696,5005.46601040335,3761125,4444277,"AB"
"147",2021-11-10,"ab",3385563.18575386,3053333.35045652,1178.3023102656,6187.59066035831,7365.89297062391,3761125,4444277,"AB"
"148",2021-11-11,"ab",3384394.88635564,3059514.45715613,-1168.29939821875,6181.10669960594,5012.80730138719,3761125,4444277,"AB"
"149",2021-11-12,"ab",3385555.54269504,3065690.64516899,1160.65633939533,6176.1880128663,7336.84435226163,3761125,4444277,"AB"
"150",2021-11-13,"ab",3384404.42917374,3071859.15912598,-1151.11352129839,6168.51395698683,5017.40043568844,3761125,4444277,"AB"
"151",2021-11-14,"ab",3385548.21899355,3078021.78140261,1143.78981980681,6162.62227663072,7306.41209643753,3761125,4444277,"AB"
"152",2021-11-15,"ab",3384413.54610215,3084175.17781536,-1134.67289139237,6153.39641274698,5018.72352135461,3761125,4444277,"AB"
"153",2021-11-16,"ab",3385541.19269968,3090321.3982344,1127.64659752743,6146.22041903855,7273.86701656599,3761125,4444277,"AB"
"154",2021-11-17,"ab",3384422.26788568,3096456.31752768,-1118.92481399933,6134.91929328535,5015.99447928602,3761125,4444277,"AB"
"155",2021-11-18,"ab",3385534.44393763,3102582.31829413,1112.17605194356,6126.00076644588,7238.17681838945,3761125,4444277,"AB"
"156",2021-11-19,"ab",3384430.62224729,3108694.15653611,-1103.82169033773,6111.83824198786,5008.01655165013,3761125,4444277,"AB"
"157",2021-11-20,"ab",3385527.95465861,3114794.63151868,1097.33241131855,6100.47498256015,7197.8073938787,3761125,4444277,"AB"
"158",2021-11-21,"ab",3384438.63425987,3120876.84723512,-1089.32039873675,6082.21571644908,4992.89531771233,3761125,4444277,"AB"
"159",2021-11-22,"ab",3385521.7084292,3126944.1240478,1083.07416932937,6067.27681267215,7150.35098200152,3761125,4444277,"AB"
"160",2021-11-23,"ab",3384446.32666356,3132986.99065078,-1075.38176564174,6042.86660298239,4967.48483734066,3761125,4444277,"AB"
"161",2021-11-24,"ab",3385515.690249,3139009.4034795,1069.36358543858,6022.4128287253,7091.77641416388,3761125,4444277,"AB"
"162",2021-11-25,"ab",3384453.72013775,3144997.58187966,-1061.97011125134,5988.17840015516,4926.20828890381,3761125,4444277,"AB"
"163",2021-11-26,"ab",3385509.88639292,3150956.18381316,1056.16625517607,5958.60193350073,7014.7681886768,3761125,4444277,"AB"
"164",2021-11-27,"ab",3384460.8335353,3156863.49116583,-1049.05285762483,5907.30735267419,4858.25449504936,3761125,4444277,"AB"
"165",2021-11-28,"ab",3385504.28427434,3162724.60443133,1043.4507390419,5861.11326549575,6904.56400453765,3761125,4444277,"AB"
"166",2021-11-29,"ab",3384467.684085,3168501.04256536,-1036.6001893403,5776.43813403463,4739.83794469433,3761125,4444277,"AB"
"167",2021-11-30,"ab",3385498.87232578,3174196.44826878,1031.18824078189,5695.40570341237,6726.59394419426,3761125,4444277,"AB"
"168",2021-12-01,"ab",3384474.28756722,3179728.70087694,-1024.58475855691,5532.25260816142,4507.66784960451,3761125,4444277,"AB"
"169",2021-12-02,"ab",3385493.63989466,3185088.75730389,1019.35232743761,5360.05642695492,6379.40875439253,3761125,4444277,"AB"
"170",2021-12-03,"ab",3384480.6584669,3190032.35713509,-1012.9814277594,4943.59983119695,3930.61840343755,3761125,4444277,"AB"
"171",2021-12-04,"ab",3385488.5771518,3194455.21808168,1007.91868489794,4422.86094659008,5430.77963148803,3761125,4444277,"AB"
"172",2021-12-05,"ab",3384486.81010719,3196907.87744996,-1001.76704461267,2452.65936828032,1450.89232366765,3761125,4444277,"AB"
"173",2021-12-06,"ab",3385483.67501092,3197761.32106223,996.864903735928,853.443612272851,1850.30851600878,3761125,4444277,"AB"
"174",2021-12-07,"ab",3384492.75476663,3193366.33633481,-990.920244291425,-4394.98472742504,-5385.90497171646,3761125,4444277,"AB"
"175",2021-12-08,"ab",3385478.92505762,3196908.11328991,986.170290989801,3541.77695509931,4527.94724608911,3761125,4444277,"AB"
"176",2021-12-09,"ab",3384498.50378223,3195892.96850497,-980.421275393572,-1015.14478494087,-1995.56606033444,3761125,4444277,"AB"
"177",2021-12-10,"ab",3385474.31948647,3197926.54426942,975.815704239532,2033.57576445164,3009.39146869117,3761125,4444277,"AB"
"178",2021-12-11,"ab",3384504.06764029,3192562.4738628,-970.25184618216,-5364.07040662132,-6334.32225280348,3761125,4444277,"AB"
"179",2021-12-12,"ab",3385469.85104521,3196380.73533569,965.783404925372,3818.26147289481,4784.04487782018,3761125,4444277,"AB"
"180",2021-12-13,"ab",3384509.45605681,3196575.38275424,-960.394988404587,194.647418543231,-765.747569861356,3761125,4444277,"AB"
"181",2021-12-14,"ab",3385465.51298512,3197863.12284664,956.056928313337,1287.74009240558,2243.79702071892,3761125,4444277,"AB"
"182",2021-12-15,"ab",3384514.67804877,3192980.55804349,-950.834936352447,-4882.56480314769,-5833.39973950014,3761125,4444277,"AB"
"183",2021-12-16,"ab",3385461.29901669,3196657.89958883,946.620967921335,3677.34154533315,4623.96251325449,3761125,4444277,"AB"
"184",2021-12-17,"ab",3384519.7419975,3196305.18431148,-941.55701919226,-352.715277345385,-1294.27229653765,3761125,4444277,"AB"
"185",2021-12-18,"ab",3385457.20327003,3197904.89344182,937.461272533983,1599.70913033513,2537.17040286912,3761125,4444277,"AB"
"186",2021-12-19,"ab",3384524.65570516,3192815.23418297,-932.547564866021,-5089.65925884154,-6022.20682370756,3761125,4444277,"AB"
"187",2021-12-20,"ab",3385453.22025938,3196546.53513731,928.564554218668,3731.30095433397,4659.86550855264,3761125,4444277,"AB"
"188",2021-12-21,"ab",3384529.42644525,3196452.10182614,-923.793814128265,-94.4333111708984,-1018.22712529916,3761125,4444277,"AB"
"189",2021-12-22,"ab",3385449.34485123,3197873.14517281,919.918405976612,1421.04334667651,2340.96175265312,3761125,4444277,"AB"
"190",2021-12-23,"ab",3384534.06100776,3193042.4113499,-915.2838434726,-4830.73382291291,-5746.01766638551,3761125,4444277,"AB"
"191",2021-12-24,"ab",3385445.57223561,3196692.68332542,911.511227855459,3650.27197551401,4561.78320336947,3761125,4444277,"AB"
"192",2021-12-25,"ab",3384538.56573973,3196301.83600634,-907.006495879032,-390.847319079097,-1297.85381495813,3761125,4444277,"AB"
"193",2021-12-26,"ab",3385441.89790025,3197889.12428598,903.33216051152,1587.28827964049,2490.62044015201,3761125,4444277,"AB"
"194",2021-12-27,"ab",3384542.94658178,3193010.93672036,-898.951318461448,-4878.18756561773,-5777.13888407918,3761125,4444277,"AB"
"195",2021-12-28,"ab",3385438.31760714,3196669.95842255,895.371025355067,3659.02170218714,4554.3927275422,3761125,4444277,"AB"
"196",2021-12-29,"ab",3384547.20910092,3196348.0516001,-891.108506218065,-321.906822442077,-1213.01532866014,3761125,4444277,"AB"
"197",2021-12-30,"ab",3385434.82737143,3197875.27981201,887.618270509411,1527.22821190907,2414.84648241848,3761125,4444277,"AB"
"198",2021-12-31,"ab",3384551.35852025,3193132.29853564,-883.468851183075,-4742.98127636826,-5626.45012755133,3761125,4444277,"AB"
"199",2022-01-01,"ab",3385431.42344219,3196745.24508047,880.064921937417,3612.94654482882,4493.01146676624,3761125,4444277,"AB"
"200",2022-01-02,"ab",3384555.3997458,3196270.6866379,-876.023696387187,-474.55844257772,-1350.58213896491,3761125,4444277,"AB"
"201",2021-09-25,"sk",814716,727299.75,NA,NA,NA,1033088,1179906,"SK"
"202",2021-09-26,"sk",816805.75,728878.446050975,2089.75,1578.69605097524,3668.44605097524,1033088,1179906,"SK"
"203",2021-09-27,"sk",818895.149032242,730457.392440474,2089.39903224155,1578.94638949831,3668.34542173985,1033088,1179906,"SK"
"204",2021-09-28,"sk",820984.184054723,732036.584479862,2089.03502248146,1579.19203938893,3668.22706187039,1033088,1179906,"SK"
"205",2021-09-29,"sk",823072.841287136,733616.017605136,2088.6572324133,1579.43312527332,3668.09035768663,1033088,1179906,"SK"
"206",2021-09-30,"sk",825161.106154212,735195.687371989,2088.26486707537,1579.66976685368,3667.93463392905,1033088,1179906,"SK"
"207",2021-10-01,"sk",827248.963223533,736775.589451102,2087.85706932121,1579.90207911294,3667.75914843415,1033088,1179906,"SK"
"208",2021-10-02,"sk",829336.396137165,738355.719623607,2087.43291363167,1580.13017250423,3667.56308613589,1033088,1179906,"SK"
"209",2021-10-03,"sk",831423.387536338,739936.073776735,2086.99139917386,1580.35415312881,3667.34555230266,1033088,1179906,"SK"
"210",2021-10-04,"sk",833509.918978337,741516.647899635,2086.53144199809,1580.57412289991,3667.105564898,1033088,1179906,"SK"
"211",2021-10-05,"sk",835595.970844584,743097.438079331,2086.05186624767,1580.79017969524,3666.8420459429,1033088,1179906,"SK"
"212",2021-10-06,"sk",837681.522238814,744678.440496827,2085.55139422964,1581.00241749652,3666.55381172616,1033088,1179906,"SK"
"213",2021-10-07,"sk",839766.550873987,746259.651423346,2085.02863517334,1581.21092651901,3666.23956169235,1033088,1179906,"SK"
"214",2021-10-08,"sk",841851.032946456,747841.067216673,2084.48207246931,1581.41579332727,3665.89786579658,1033088,1179906,"SK"
"215",2021-10-09,"sk",843934.9429956,749422.684317615,2083.91004914371,1581.6171009416,3665.52715008531,1033088,1179906,"SK"
"216",2021-10-10,"sk",846018.253746878,751004.499246546,2083.31075127772,1581.81492893095,3665.12568020867,1033088,1179906,"SK"
"217",2021-10-11,"sk",848100.935935903,752586.508600041,2082.6821890251,1582.00935349544,3664.69154252054,1033088,1179906,"SK"
"218",2021-10-12,"sk",850182.958110716,754168.709047577,2082.02217481344,1582.20044753572,3664.22262234916,1033088,1179906,"SK"
"219",2021-10-13,"sk",852264.286408944,755751.097328288,2081.32829822798,1582.38828071067,3663.71657893865,1033088,1179906,"SK"
"220",2021-10-14,"sk",854344.884305923,757333.670247769,2080.59789697896,1582.57291948074,3663.17081645969,1033088,1179906,"SK"
"221",2021-10-15,"sk",856424.712329142,758916.424674906,2079.8280232182,1582.75442713755,3662.58245035575,1033088,1179906,"SK"
"222",2021-10-16,"sk",858503.727733459,760499.357538724,2079.01540431741,1582.9328638179,3661.94826813531,1033088,1179906,"SK"
"223",2021-10-17,"sk",860581.884130475,762082.465825225,2078.1563970159,1583.10828650114,3661.26468351705,1033088,1179906,"SK"
"224",2021-10-18,"sk",862659.131064072,763665.746574212,2077.24693359667,1583.28074898699,3660.52768258366,1033088,1179906,"SK"
"225",2021-10-19,"sk",864735.413522502,765249.196876065,2076.28245843051,1583.45030185278,3659.73276028328,1033088,1179906,"SK"
"226",2021-10-20,"sk",866810.67137532,766832.813868451,2075.25785281789,1583.61699238617,3658.87484520406,1033088,1179906,"SK"
"227",2021-10-21,"sk",868884.838720861,768416.594732941,2074.1673455406,1583.78086449043,3657.94821003103,1033088,1179906,"SK"
"228",2021-10-22,"sk",870957.843126719,770000.536691498,2073.00440585811,1583.94195855642,3656.94636441453,1033088,1179906,"SK"
"229",2021-10-23,"sk",873029.604741521,771584.637002796,2071.76161480276,1584.10031129781,3655.86192610057,1033088,1179906,"SK"
"230",2021-10-24,"sk",875100.035250999,773168.892958335,2070.43050947809,1584.25595553918,3654.68646501726,1033088,1179906,"SK"
"231",2021-10-25,"sk",877169.036644533,774753.301878286,2069.00139353366,1584.40891995118,3653.41031348484,1033088,1179906,"SK"
"232",2021-10-26,"sk",879236.499749485,776337.861107004,2067.46310495143,1584.55922871805,3652.02233366948,1033088,1179906,"SK"
"233",2021-10-27,"sk",881302.302479012,777922.568008129,2065.802729527,1584.70690112503,3650.50963065203,1033088,1179906,"SK"
"234",2021-10-28,"sk",883366.307723697,779507.419959174,2064.00524468534,1584.8519510451,3648.85719573044,1033088,1179906,"SK"
"235",2021-10-29,"sk",885428.360796803,781092.414345475,2062.05307310564,1584.99438630033,3647.04745940596,1033088,1179906,"SK"
"236",2021-10-30,"sk",887488.286315255,782677.548553339,2059.92551845254,1585.13420786464,3645.05972631718,1033088,1179906,"SK"
"237",2021-10-31,"sk",889545.884360618,784262.819962205,2057.59804536263,1585.27140886628,3642.8694542289,1033088,1179906,"SK"
"238",2021-11-01,"sk",891600.925711968,785848.225935534,2055.04135135002,1585.40597332804,3640.44732467807,1033088,1179906,"SK"
"239",2021-11-02,"sk",893653.145869227,787433.763810104,2052.22015725961,1585.53787457035,3637.75803182996,1033088,1179906,"SK"
"240",2021-11-03,"sk",895702.237481129,789019.430883268,2049.091611902,1585.66707316367,3634.75868506567,1033088,1179906,"SK"
"241",2021-11-04,"sk",897747.840641154,790605.224397549,2045.6031600245,1585.79351428139,3631.3966743059,1033088,1179906,"SK"
"242",2021-11-05,"sk",899789.530292895,792191.141521785,2041.68965174153,1585.91712423589,3627.60677597742,1033088,1179906,"SK"
"243",2021-11-06,"sk",901826.799653641,793777.179327669,2037.26936074521,1586.03780588426,3623.30716662947,1033088,1179906,"SK"
"244",2021-11-07,"sk",903859.038055422,795363.334760116,2032.23840178119,1586.15543244698,3618.39383422816,1033088,1179906,"SK"
"245",2021-11-08,"sk",905885.500803872,796949.604599162,2026.46274844988,1586.26983904594,3612.73258749582,1033088,1179906,"SK"
"246",2021-11-09,"sk",907905.267369076,798535.985410058,2019.76656520425,1586.38081089593,3606.14737610018,1033088,1179906,"SK"
"247",2021-11-10,"sk",909917.182090181,800122.473476518,2011.91472110525,1586.48806645966,3598.4027875649,1033088,1179906,"SK"
"248",2021-11-11,"sk",911919.76791982,801709.064709316,2002.58582963911,1586.59123279818,3589.17706243729,1033088,1179906,"SK"
"249",2021-11-12,"sk",913911.097224126,803295.754517746,1991.32930430584,1586.68980843038,3578.01911273622,1033088,1179906,"SK"
"250",2021-11-13,"sk",915888.591541,804882.537623158,1977.4943168743,1586.7831054118,3564.2774222861,1033088,1179906,"SK"
"251",2021-11-14,"sk",917848.698484308,806469.407778424,1960.10694330779,1586.87015526602,3546.97709857381,1033088,1179906,"SK"
"252",2021-11-15,"sk",919786.344688151,808056.357327004,1937.64620384248,1586.94954857964,3524.59575242212,1033088,1179906,"SK"
"253",2021-11-16,"sk",921693.953652101,809643.376471762,1907.60896395077,1587.01914475812,3494.62810870889,1033088,1179906,"SK"
"254",2021-11-17,"sk",923559.549639067,811230.451978424,1865.59598696569,1587.0755066619,3452.6714936276,1033088,1179906,"SK"
"255",2021-11-18,"sk",925362.745026603,812817.564669752,1803.19538753561,1587.11269132816,3390.30807886377,1033088,1179906,"SK"
"256",2021-11-19,"sk",927065.180790727,814404.683999499,1702.43576412415,1587.11932974681,3289.55509387096,1033088,1179906,"SK"
"257",2021-11-20,"sk",928583.992835053,815991.75436399,1518.81204432622,1587.07036449178,3105.882408818,1033088,1179906,"SK"
"258",2021-11-21,"sk",929704.418140773,817578.653277956,1120.4253057203,1586.89891396591,2707.32421968621,1033088,1179906,"SK"
"259",2021-11-22,"sk",929844.077206325,819165.065287893,139.659065551357,1586.41200993652,1726.07107548788,1033088,1179906,"SK"
"260",2021-11-23,"sk",929705.815990541,820750.87218818,-138.261215784121,1585.80690028751,1447.54568450339,1033088,1179906,"SK"
"261",2021-11-24,"sk",929843.034357303,822336.137921207,137.21836676239,1585.26573302667,1722.48409978906,1033088,1179906,"SK"
"262",2021-11-25,"sk",929707.138791404,823920.731117935,-135.89556589874,1584.5931967278,1448.69763082906,1033088,1179906,"SK"
"263",2021-11-26,"sk",929842.041919527,825504.719487339,134.903128122562,1583.98836940469,1718.89149752725,1033088,1179906,"SK"
"264",2021-11-27,"sk",929708.393027365,827087.955867895,-133.648892162135,1583.23638055578,1449.58748839365,1033088,1179906,"SK"
"265",2021-11-28,"sk",929841.095895435,828670.512067903,132.702868069871,1582.55620000744,1715.25906807731,1033088,1179906,"SK"
"266",2021-11-29,"sk",929709.584423477,830252.221778348,-131.511471957201,1581.70971044526,1450.19823848805,1033088,1179906,"SK"
"267",2021-11-30,"sk",929840.192721865,831833.161222791,130.608298387378,1580.93944444321,1711.54774283059,1033088,1179906,"SK"
"268",2021-12-01,"sk",929710.718056516,833413.14059646,-129.474665348418,1579.97937366925,1450.50470832083,1033088,1179906,"SK"
"269",2021-12-02,"sk",929839.329210787,834992.240797595,128.611154270591,1579.10020113422,1707.71135540481,1033088,1179906,"SK"
"270",2021-12-03,"sk",929711.798446509,836570.242791487,-127.530764277559,1578.00199389237,1450.47122961481,1033088,1179906,"SK"
"271",2021-12-04,"sk",929838.502499675,838147.232281151,126.704053165508,1576.98948966351,1703.69354282902,1033088,1179906,"SK"
"272",2021-12-05,"sk",929712.82963294,839722.953290679,-125.672866734792,1575.72100952815,1450.04814279336,1033088,1179906,"SK"
"273",2021-12-06,"sk",929837.710009713,841297.496195556,124.880376773071,1574.54290487734,1699.42328165041,1033088,1179906,"SK"
"274",2021-12-07,"sk",929713.815238565,842870.557474786,-123.894771148684,1573.06127922982,1449.16650808114,1033088,1179906,"SK"
"275",2021-12-08,"sk",929836.949410413,844442.231536222,123.134171848535,1571.67406143632,1694.80823328486,1033088,1179906,"SK"
"276",2021-12-09,"sk",929714.758523155,846012.15235304,-122.190887257573,1569.92081681779,1447.72992956021,1033088,1179906,"SK"
"277",2021-12-10,"sk",929836.218589501,847580.416756511,121.460066345753,1568.26440347137,1689.72446981713,1033088,1179906,"SK"
"278",2021-12-11,"sk",929715.662429004,849146.574466076,-120.55616049713,1566.15770956455,1445.60154906742,1033088,1179906,"SK"
"279",2021-12-12,"sk",929835.515627175,850710.721268112,119.853198171244,1564.14680203644,1684.00000020768,1033088,1179906,"SK"
"280",2021-12-13,"sk",929716.529619631,852272.289880702,-118.986007544212,1561.5686125895,1442.58260504529,1033088,1179906,"SK"
"281",2021-12-14,"sk",929834.838773993,853831.36793259,118.309154362301,1559.07805188815,1677.38720625045,1033088,1179906,"SK"
"282",2021-12-15,"sk",929717.362512877,855387.219707357,-117.476261116215,1555.85177476739,1438.37551365118,1033088,1179906,"SK"
"283",2021-12-16,"sk",929834.186431804,856939.910165113,116.823918927112,1552.69045775582,1669.51437668293,1033088,1179906,"SK"
"284",2021-12-17,"sk",929718.163309312,858488.450122695,-116.023122492363,1548.53995758179,1432.51683508942,1033088,1179906,"SK"
"285",2021-12-18,"sk",929833.557137235,860032.851571257,115.393827923457,1544.40144856228,1659.79527648573,1033088,1179906,"SK"
"286",2021-12-19,"sk",929718.934016725,861571.722024254,-114.623120510718,1538.87045299681,1424.24733248609,1033088,1179906,"SK"
"287",2021-12-20,"sk",929832.94954734,863104.954133666,114.015530615347,1533.23210941185,1647.2476400272,1033088,1179906,"SK"
"288",2021-12-21,"sk",929719.676471322,864630.465698286,-113.273076018086,1525.51156462019,1412.2384886021,1033088,1179906,"SK"
"289",2021-12-22,"sk",929832.362427078,866147.873342427,112.685955756227,1517.40764414077,1630.09359989699,1033088,1179906,"SK"
"290",2021-12-23,"sk",929720.392356141,867653.795635191,-111.970070937183,1505.92229276407,1393.95222182688,1033088,1179906,"SK"
"291",2021-12-24,"sk",929831.794638358,869147.160061763,111.402282217168,1493.36442657164,1604.76670878881,1033088,1179906,"SK"
"292",2021-12-25,"sk",929721.083217104,870621.781864029,-110.711421253975,1474.62180226692,1363.91038101295,1033088,1179906,"SK"
"293",2021-12-26,"sk",929831.245130414,872074.616509905,110.161913309945,1452.83464587503,1562.99655918498,1033088,1179906,"SK"
"294",2021-12-27,"sk",929721.750477061,873492.064180107,-109.494653353002,1417.44767020235,1307.95301684935,1033088,1179906,"SK"
"295",2021-12-28,"sk",929830.71293133,874863.976772877,108.962454269291,1371.91259277042,1480.87504703971,1033088,1179906,"SK"
"296",2021-12-29,"sk",929722.395448112,876149.317334841,-108.31748321862,1285.34056196408,1177.02307874546,1033088,1179906,"SK"
"297",2021-12-30,"sk",929830.197140554,877299.824142687,107.801692442619,1150.5068078459,1258.30850028852,1033088,1179906,"SK"
"298",2021-12-31,"sk",929723.019342453,878087.323666398,-107.177798101213,787.499523710576,680.321725609363,1033088,1179906,"SK"
"299",2022-01-01,"sk",929829.696922263,878241.338954968,106.677579810028,154.015288570314,260.692868380342,1033088,1179906,"SK"
"300",2022-01-02,"sk",929723.623281955,877813.254008902,-106.073640308343,-428.084946065792,-534.158586374135,1033088,1179906,"SK"
"301",2021-09-25,"mb",1013875,956808.75,NA,NA,NA,1168952,1382904,"MB"
"302",2021-09-26,"mb",1014560.375,959368.83748757,685.375,2560.08748756978,3245.46248756978,1168952,1382904,"MB"
"303",2021-09-27,"mb",1015245.63758163,958282.926744032,685.262581631308,-1085.91074353759,-400.648161906283,1168952,1382904,"MB"
"304",2021-09-28,"mb",1015930.78361715,960533.533390534,685.146035518032,2250.60664650227,2935.75268202031,1168952,1382904,"MB"
"305",2021-09-29,"mb",1016615.80874796,959721.351140049,685.025130813359,-812.182250485756,-127.157119672396,1168952,1382904,"MB"
"306",2021-09-30,"mb",1017300.70836714,961718.618213228,684.899619173841,1997.26707317971,2682.16669235355,1168952,1382904,"MB"
"307",2021-10-01,"mb",1017985.47760021,961132.663104628,684.769233072642,-585.955108600319,98.8141244723229,1168952,1382904,"MB"
"308",2021-10-02,"mb",1018670.11128412,962920.128180467,684.633683915483,1787.4650758385,2472.09875975398,1168952,1382904,"MB"
"309",2021-10-03,"mb",1019354.60394405,962522.75046698,684.492659929092,-397.377713486552,287.11494644254,1168952,1382904,"MB"
"310",2021-10-04,"mb",1020038.94976785,964135.06917724,684.345823792042,1612.31871025963,2296.66453405167,1168952,1382904,"MB"
"311",2021-10-05,"mb",1020723.14257781,963895.819300857,684.192809968954,-239.249876382994,444.94293358596,1168952,1382904,"MB"
"312",2021-10-06,"mb",1021407.17579952,965361.091162424,684.033221704653,1465.27186156774,2149.3050832724,1168952,1382904,"MB"
"313",2021-10-07,"mb",1022091.04242715,965254.983797334,683.866627626354,-106.107365090516,577.759262535837,1168952,1382904,"MB"
"314",2021-10-08,"mb",1022774.73498504,966596.294393631,683.692557893461,1341.31059629691,2025.00315419037,1168952,1382904,"MB"
"315",2021-10-09,"mb",1023458.24548486,966602.612540139,683.510499822092,6.3181465085363,689.828646330629,1168952,1382904,"MB"
"316",2021-10-10,"mb",1024141.56537776,967839.107681687,683.319892901112,1236.49514154787,1919.81503444898,1168952,1382904,"MB"
"317",2021-10-11,"mb",1024824.68550086,967940.542520694,683.12012309581,101.434839006281,784.554962102091,1168952,1382904,"MB"
"318",2021-10-12,"mb",1025507.59601718,969088.207847959,682.910516320844,1147.66532726516,1830.575843586,1168952,1382904,"MB"
"319",2021-10-13,"mb",1026190.28634812,969270.217186609,682.690330935991,182.00933865062,864.699669586611,1168952,1382904,"MB"
"320",2021-10-14,"mb",1026872.7450972,970342.463613781,682.458749089623,1072.24642717221,1754.70517626184,1168952,1382904,"MB"
"321",2021-10-15,"mb",1027554.95996391,970592.778671429,682.214866700815,250.315057647298,932.529924348113,1168952,1382904,"MB"
"322",2021-10-16,"mb",1028236.91764573,971600.894385058,681.957681821892,1008.11571362917,1690.07339545107,1168952,1382904,"MB"
"323",2021-10-17,"mb",1028918.6037268,971909.131099014,681.68608106859,308.236713956227,989.922795024817,1168952,1382904,"MB"
"324",2021-10-18,"mb",1029600.00255053,972862.638276457,681.398823735653,953.507177442312,1634.90600117797,1168952,1382904,"MB"
"325",2021-10-19,"mb",1030281.09707365,973219.984754043,681.094523121486,357.346477586543,1038.44100070803,1168952,1382904,"MB"
"326",2021-10-20,"mb",1030961.86869813,974126.925850411,680.771624477813,906.941096367664,1587.71272084548,1168952,1382904,"MB"
"327",2021-10-21,"mb",1031642.29707698,974525.886902546,680.428378848941,398.961052135215,1079.38943098416,1168952,1382904,"MB"
"328",2021-10-22,"mb",1032322.35988886,975393.057206542,680.062811883865,867.170303996187,1547.23311588005,1168952,1382904,"MB"
"329",2021-10-23,"mb",1033002.03257532,975827.242650134,679.672686457401,434.185443592141,1113.85813004954,1168952,1382904,"MB"
"330",2021-10-24,"mb",1033681.28803294,976660.38063694,679.25545762328,833.137986805639,1512.39344442892,1168952,1382904,"MB"
"331",2021-10-25,"mb",1034360.09625095,977124.327669063,678.808218004531,463.947032122873,1142.7552501274,1168952,1382904,"MB"
"332",2021-10-26,"mb",1035038.42388212,977928.271246474,678.32763117284,803.943577411468,1482.27120858431,1168952,1382904,"MB"
"333",2021-10-27,"mb",1035716.23373195,978417.293464797,677.809849829529,489.022218322498,1166.83206815203,1168952,1382904,"MB"
"334",2021-10-28,"mb",1036393.48414655,979196.107781199,677.250414595939,778.814316402189,1456.06473099813,1168952,1382904,"MB"
"335",2021-10-29,"mb",1037070.1282744,979706.16478016,676.6441278524,510.056998961256,1186.70112681366,1168952,1382904,"MB"
"336",2021-10-30,"mb",1037746.11316957,980463.24535669,675.984895169386,757.08057652961,1433.065471699,1168952,1382904,"MB"
"337",2021-10-31,"mb",1038421.37869379,980990.827453325,675.265524224378,527.582096634898,1202.84762085928,1168952,1382904,"MB"
"338",2021-11-01,"mb",1039095.85616114,981728.98062943,674.477467343677,738.153176105581,1412.63064344926,1168952,1382904,"MB"
"339",2021-11-02,"mb",1039769.46664954,982271.003138525,673.610488407779,542.022509095143,1215.63299750292,1168952,1382904,"MB"
"340",2021-11-03,"mb",1040442.11887654,982992.503739583,672.65222699428,721.500601058011,1394.15282805229,1168952,1382904,"MB"
"341",2021-11-04,"mb",1041113.7064975,983546.204006853,671.587620958919,553.700267269625,1225.28788822854,1168952,1382904,"MB"
"342",2021-11-05,"mb",1041784.10462855,984252.827035266,670.398131047143,706.62302841316,1377.0211594603,1168952,1382904,"MB"
"343",2021-11-06,"mb",1042453.16531258,984815.654266942,669.060684035649,562.827231675736,1231.88791571138,1168952,1382904,"MB"
"344",2021-11-07,"mb",1043120.71152089,985508.671782775,667.546208309243,693.017515833024,1360.56372414227,1168952,1382904,"MB"
"345",2021-11-08,"mb",1043786.52908812,986078.152347894,665.81756723125,569.480565119069,1235.29813235032,1168952,1382904,"MB"
"346",2021-11-09,"mb",1044450.35567054,986758.274905253,663.826582421432,680.122557358467,1343.9491397799,1168952,1382904,"MB"
"347",2021-11-10,"mb",1045111.86531696,987331.818320504,661.509646421182,573.543415251421,1235.0530616726,1168952,1382904,"MB"
"348",2021-11-11,"mb",1045770.6464026,987999.032453789,658.781085639843,667.214133284986,1325.99521892483,1168952,1382904,"MB"
"349",2021-11-12,"mb",1046426.16921947,988573.598456075,655.522816865938,574.56600228569,1230.08881915163,1168952,1382904,"MB"
"350",2021-11-13,"mb",1047077.73688491,989226.777147065,651.567665440612,653.178690990317,1304.74635643093,1168952,1382904,"MB"
"351",2021-11-14,"mb",1047724.40825055,989798.194759327,646.671365641756,571.417612262187,1218.08897790394,1168952,1382904,"MB"
"352",2021-11-15,"mb",1048364.87155249,990434.1259343,640.463301937794,635.931174972444,1276.39447691024,1168952,1382904,"MB"
"353",2021-11-16,"mb",1048997.22639482,990995.413207516,632.354842333356,561.287273216061,1193.64211554942,1168952,1382904,"MB"
"354",2021-11-17,"mb",1049618.58311547,991606.009447299,621.356720648939,610.596239783801,1231.95296043274,1168952,1382904,"MB"
"355",2021-11-18,"mb",1050224.26639527,992142.126236582,605.683279796038,536.116789282183,1141.80006907822,1168952,1382904,"MB"
"356",2021-11-19,"mb",1050806.0655161,992704.085658548,581.799120835494,561.959421966458,1143.75854280195,1168952,1382904,"MB"
"357",2021-11-20,"mb",1051347.85800127,993168.600813847,541.792485164478,464.515155298752,1006.30764046323,1168952,1382904,"MB"
"358",2021-11-21,"mb",1051812.70697449,993583.477083805,464.848973223707,414.876269958331,879.725243182038,1168952,1382904,"MB"
"359",2021-11-22,"mb",1052098.88246154,993713.896933188,286.175487050787,130.419849382481,416.595336433267,1168952,1382904,"MB"
"360",2021-11-23,"mb",1052003.0554797,993400.042316061,-95.8269818387926,-313.854617127101,-409.681598965893,1168952,1382904,"MB"
"361",2021-11-24,"mb",1052096.08536402,993885.353654465,93.029884312069,485.311338404543,578.341222716612,1168952,1382904,"MB"
"362",2021-11-25,"mb",1052007.44408911,993226.999565184,-88.641274910653,-658.354089281522,-746.995364192175,1168952,1382904,"MB"
"363",2021-11-26,"mb",1052093.82629017,994040.857364355,86.382201062981,813.857799171121,900.240000234102,1168952,1382904,"MB"
"364",2021-11-27,"mb",1052010.89351078,993062.803701259,-82.9327793896664,-978.053663096041,-1060.98644248571,1168952,1382904,"MB"
"365",2021-11-28,"mb",1052091.94611591,994182.82282009,81.0526051283814,1120.01911883138,1201.07172395976,1168952,1382904,"MB"
"366",2021-11-29,"mb",1052013.70107741,992906.882018828,-78.2450384921394,-1275.94080126169,-1354.18583975383,1168952,1382904,"MB"
"367",2021-11-30,"mb",1052090.34600342,994312.637024663,76.6449260062072,1405.75500583427,1482.39993184048,1168952,1382904,"MB"
"368",2021-12-01,"mb",1052016.04597558,992759.25806538,-74.3000278454274,-1553.37895928218,-1627.67898712761,1168952,1382904,"MB"
"369",2021-12-02,"mb",1052088.96050862,994431.104901847,72.9145330402534,1671.84683646681,1744.76136950706,1168952,1382904,"MB"
"370",2021-12-03,"mb",1052018.04384299,992620.307529364,-70.9166656299494,-1810.7973724833,-1881.71403811325,1168952,1382904,"MB"
"371",2021-12-04,"mb",1052087.74416531,994538.716314579,69.7003223279025,1918.40878521523,1988.10910754313,1168952,1382904,"MB"
"372",2021-12-05,"mb",1052019.7732499,992490.576584775,-67.9709154157899,-2048.13972980424,-2116.11064522003,1168952,1382904,"MB"
"373",2021-12-06,"mb",1052086.66417666,994635.818550097,66.8909267620184,2145.24196532171,2212.13289208373,1168952,1382904,"MB"
"374",2021-12-07,"mb",1052021.28977556,992370.63751424,-65.3744011030067,-2265.18103585695,-2330.55543695996,1168952,1382904,"MB"
"375",2021-12-08,"mb",1052085.6961573,994722.729890509,64.4063817467541,2352.09237626963,2416.49875801639,1168952,1382904,"MB"
"376",2021-12-09,"mb",1052022.63403251,992260.975074196,-63.0621247920208,-2461.75481631362,-2524.81694110564,1168952,1382904,"MB"
"377",2021-12-10,"mb",1052084.82151772,994799.810760483,62.1874852092005,2538.83568628784,2601.02317149704,1168952,1382904,"MB"
"378",2021-12-11,"mb",1052023.83650118,992161.904281401,-60.9850165413227,-2637.90647908277,-2698.89149562409,1168952,1382904,"MB"
"379",2021-12-12,"mb",1052084.02578651,994867.50168018,60.1892853269819,2705.59739877889,2765.78668410587,1168952,1382904,"MB"
"380",2021-12-13,"mb",1052024.92057678,992073.521338482,-59.1052097303327,-2793.98034169781,-2853.08555142814,1168952,1382904,"MB"
"381",2021-12-14,"mb",1052083.29749502,994926.335081752,58.3769182430115,2852.81374327047,2911.19066151348,1168952,1382904,"MB"
"382",2021-12-15,"mb",1052025.90456283,991995.68710125,-57.3929321896285,-2930.64798050257,-2988.0409126922,1168952,1382904,"MB"
"383",2021-12-16,"mb",1052082.62741308,994976.927787156,56.722850253107,2981.24068590661,3037.96353615972,1168952,1382904,"MB"
"384",2021-12-17,"mb",1052026.8030174,991928.038982363,-55.824395683594,-3048.88880479289,-3104.71320047649,1168952,1382904,"MB"
"385",2021-12-18,"mb",1052082.00801147,995019.960946765,55.2049940731376,3091.92196440115,3147.12695847428,1168952,1382904,"MB"
"386",2021-12-19,"mb",1052027.62768717,991870.02417894,-54.3803243008442,-3149.93676782493,-3204.31709212577,1168952,1382904,"MB"
"387",2021-12-20,"mb",1052081.43307528,995056.153757522,53.805388113251,3186.12957858236,3239.93496669561,1168952,1382904,"MB"
"388",2021-12-21,"mb",1052028.38817103,991820.945620567,-53.0449042574037,-3235.20813695469,-3288.2530412121,1168952,1382904,"MB"
"389",2021-12-22,"mb",1052080.89742029,995086.236178448,52.5092492667027,3265.29055788054,3317.79980714724,1168952,1382904,"MB"
"390",2021-12-23,"mb",1052029.09240125,991780.012289245,-51.8050190436188,-3306.22388920293,-3358.02890824655,1168952,1382904,"MB"
"391",2021-12-24,"mb",1052080.3966812,995110.924357576,51.3042799497489,3330.91206833115,3382.2163482809,1168952,1382904,"MB"
"392",2021-12-25,"mb",1052029.74699891,991746.387168892,-50.6496822906192,-3364.5371886841,-3415.18687097472,1168952,1382904,"MB"
"393",2021-12-26,"mb",1052079.92715107,995130.900914211,50.1801521629095,3384.51374531933,3434.69389748224,1168952,1382904,"MB"
"394",2021-12-27,"mb",1052030.35754061,991719.228349941,-49.569610463921,-3411.67256427044,-3461.24217473436,1168952,1382904,"MB"
"395",2021-12-28,"mb",1052079.4856579,995146.800867929,49.1281172942836,3427.57251798816,3476.70063528244,1168952,1382904,"MB"
"396",2021-12-29,"mb",1052030.92876165,991697.721084806,-48.5568962574471,-3449.07978312252,-3497.63667937997,1168952,1382904,"MB"
"397",2021-12-30,"mb",1052079.06946849,995159.20302478,48.1407068462577,3461.48193997343,3509.62264681968,1168952,1382904,"MB"
"398",2021-12-31,"mb",1052031.46471278,991681.100425886,-47.6047557101119,-3478.10259889415,-3525.70735460427,1168952,1382904,"MB"
"399",2022-01-01,"mb",1052078.67621276,995168.626045722,47.2114999755286,3487.52561983617,3534.7371198117,1168952,1382904,"MB"
"400",2022-01-02,"mb",1052031.96888266,991668.665304467,-46.7073300937191,-3499.96074125508,-3546.6680713488,1168952,1382904,"MB"
"401",2021-09-25,"on",11178070,10440195.25,NA,NA,NA,12932324,14789778,"ON"
"402",2021-09-26,"on",11192833.875,10464193.9206655,14763.875,23998.6706655491,38762.5456655491,12932324,14789778,"ON"
"403",2021-09-27,"on",11207589.9331089,10488010.5424955,14756.0581089389,23816.6218299493,38572.6799388882,12932324,14789778,"ON"
"404",2021-09-28,"on",11222337.6531126,10511619.5008484,14747.7200036142,23608.9583528619,38356.6783564761,12932324,14789778,"ON"
"405",2021-09-29,"on",11237076.4601983,10534990.1546338,14738.8070857022,23370.6537854001,38109.4608711023,12932324,14789778,"ON"
"406",2021-09-30,"on",11251805.7183824,10558085.6827579,14729.258184107,23095.5281241275,37824.7863082346,12932324,14789778,"ON"
"407",2021-10-01,"on",11266524.7215567,10580861.6998527,14719.0031743255,22776.0170947835,37495.0202691089,12932324,14789778,"ON"
"408",2021-10-02,"on",11281232.6828421,10603264.668568,14707.9612854533,22402.9687153418,37110.9300007951,12932324,14789778,"ON"
"409",2021-10-03,"on",11295928.7218516,10625230.2396373,14696.0390094966,21965.5710692778,36661.6100787744,12932324,14789778,"ON"
"410",2021-10-04,"on",11310611.8493516,10646681.8710793,14683.1274999287,21451.6314420402,36134.7589419689,12932324,14789778,"ON"
"411",2021-10-05,"on",11325280.9486599,10667530.4999123,14669.0993083268,20848.6288330127,35517.7281413395,12932324,14789778,"ON"
"412",2021-10-06,"on",11339934.7529146,10687676.7490927,14653.8042546622,20146.2491803542,34800.0534350164,12932324,14789778,"ON"
"413",2021-10-07,"on",11354571.8170663,10707018.0833265,14637.0641517024,19341.3342337683,33978.3983854707,12932324,14789778,"ON"
"414",2021-10-08,"on",11369190.4830625,10725463.8426191,14618.6659962367,18445.7592926156,33064.4252888523,12932324,14789778,"ON"
"415",2021-10-09,"on",11383788.8361459,10742959.3459322,14598.3530834243,17495.503313167,32093.8563965913,12932324,14789778,"ON"
"416",2021-10-10,"on",11398364.6494153,10759513.6990487,14575.8132693637,16554.3531164993,31130.166385863,12932324,14789778,"ON"
"417",2021-10-11,"on",11412915.312675,10775215.8497149,14550.6632597465,15702.1506661549,30252.8139259014,12932324,14789778,"ON"
"418",2021-10-12,"on",11427437.7399454,10790221.4957085,14522.4272703938,15005.6459935643,29528.0732639581,12932324,14789778,"ON"
"419",2021-10-13,"on",11441928.2475189,10804711.9542683,14490.5075735021,14490.4585598726,28980.9661333747,12932324,14789778,"ON"
"420",2021-10-14,"on",11456382.3906307,10818849.9799489,14454.1431117561,14138.0256805383,28592.1687922943,12932324,14789778,"ON"
"421",2021-10-15,"on",11470794.7408068,10832756.1629494,14412.3501760997,13906.1830005106,28318.5331766102,12932324,14789778,"ON"
"422",2021-10-16,"on",11485158.5762564,10846507.7234998,14363.8354496025,13751.5605503898,28115.3959999923,12932324,14789778,"ON"
"423",2021-10-17,"on",11499465.441535,10860148.1543535,14306.8652786128,13640.4308537394,27947.2961323522,12932324,14789778,"ON"
"424",2021-10-18,"on",11513704.5049216,10873697.88368,14239.0633865986,13549.7293264512,27788.7927130498,12932324,14789778,"ON"
"425",2021-10-19,"on",11527861.5922312,10887162.0061836,14157.0873096064,13464.1225035954,27621.2098132018,12932324,14789778,"ON"
"426",2021-10-20,"on",11541917.6827528,10900534.6066089,14056.0905216094,13372.6004253812,27428.6909469906,12932324,14789778,"ON"
"427",2021-10-21,"on",11555846.4696666,10913800.1617257,13928.7869138159,13265.5551167727,27194.3420305885,12932324,14789778,"ON"
"428",2021-10-22,"on",11569610.2032458,10926932.2342498,13763.7335791774,13132.0725241229,26895.8061033003,12932324,14789778,"ON"
"429",2021-10-23,"on",11583152.1698463,10939888.7428166,13541.9666004758,12956.50856678,26498.4751672558,12932324,14789778,"ON"
"430",2021-10-24,"on",11596382.0304094,10952601.0989423,13229.8605631422,12712.3561256956,25942.2166888379,12932324,14789778,"ON"
"431",2021-10-25,"on",11609144.4047829,10964949.1736153,12762.3743735049,12348.0746729448,25110.4490464497,12932324,14789778,"ON"
"432",2021-10-26,"on",11621142.8111312,10976695.9256057,11998.4063482713,11746.7519903947,23745.158338666,12932324,14789778,"ON"
"433",2021-10-27,"on",11631724.2192748,10987274.8954779,10581.4081436321,10578.9698722754,21160.3780159075,12932324,14789778,"ON"
"434",2021-10-28,"on",11639158.3304379,10994802.7431924,7434.11116304249,7527.84771450981,14961.9588775523,12932324,14789778,"ON"
"435",2021-10-29,"on",11639023.6717805,10988962.5510085,-134.658657342196,-5840.19218396209,-5974.85084130429,12932324,14789778,"ON"
"436",2021-10-30,"on",11639158.3091312,10994590.8497367,134.637350620702,5628.29872820154,5762.93607882224,12932324,14789778,"ON"
"437",2021-10-31,"on",11639023.6938555,10989370.4136018,-134.615275697783,-5220.43613484874,-5355.05141054653,12932324,14789778,"ON"
"438",2021-11-01,"on",11639158.2878449,10994480.8872682,134.593989439309,5110.47366638295,5245.06765582226,12932324,14789778,"ON"
"439",2021-11-02,"on",11639023.7159089,10989572.8107996,-134.571935966611,-4908.07646857761,-5042.64840454422,12932324,14789778,"ON"
"440",2021-11-03,"on",11639158.2665791,10994416.6117942,134.550670137629,4843.80099455453,4978.35166469216,12932324,14789778,"ON"
"441",2021-11-04,"on",11639023.737941,10989688.3009397,-134.5286380779,-4728.31085452251,-4862.83949260041,12932324,14789778,"ON"
"442",2021-11-05,"on",11639158.2453336,10994376.9118223,134.507392646745,4688.61088265292,4823.11827529967,12932324,14789778,"ON"
"443",2021-11-06,"on",11639023.7599517,10989758.6288033,-134.485381968319,-4618.28301905096,-4752.76840101928,12932324,14789778,"ON"
"444",2021-11-07,"on",11639158.2241086,10994351.627448,134.464156901464,4592.998644704,4727.46280160546,12932324,14789778,"ON"
"445",2021-11-08,"on",11639023.781941,10989803.0361103,-134.442167567089,-4548.59133771062,-4683.03350527771,12932324,14789778,"ON"
"446",2021-11-09,"on",11639158.2029038,10994335.2174463,134.420962832868,4532.18133603595,4666.60229886882,12932324,14789778,"ON"
"447",2021-11-10,"on",11639023.803909,10989831.709929,-134.398994809017,-4503.50751730241,-4637.90651211143,12932324,14789778,"ON"
"448",2021-11-11,"on",11639158.1817194,10994324.4313762,134.377810373902,4492.7214471586,4627.09925753251,12932324,14789778,"ON"
"449",2021-11-12,"on",11639023.8258558,10989850.5048077,-134.355863627046,-4473.92656849883,-4608.28243212588,12932324,14789778,"ON"
"450",2021-11-13,"on",11639158.1605552,10994317.2746417,134.334699459374,4466.7698340565,4601.10453351587,12932324,14789778,"ON"
"451",2021-11-14,"on",11639023.8477813,10989862.9633006,-134.312773954123,-4454.3113410715,-4588.62411502562,12932324,14789778,"ON"
"452",2021-11-15,"on",11639158.1394113,10994312.4875108,134.291630022228,4449.52421012521,4583.81584014744,12932324,14789778,"ON"
"453",2021-11-16,"on",11639023.8696856,10989871.3015305,-134.269725725055,-4441.1859802641,-4575.45570598915,12932324,14789778,"ON"
"454",2021-11-17,"on",11639158.1182876,10994309.2593166,134.248601995409,4437.95778607205,4572.20638806745,12932324,14789778,"ON"
"455",2021-11-18,"on",11639023.8915687,10989876.9364235,-134.226718872786,-4432.32289306447,-4566.54961193725,12932324,14789778,"ON"
"456",2021-11-19,"on",11639158.097184,10994307.0619019,134.205615313724,4430.12547838129,4564.33109369501,12932324,14789778,"ON"
"457",2021-11-20,"on",11639023.9134307,10989880.7870905,-134.183753328398,-4426.2748114299,-4560.4585647583,12932324,14789778,"ON"
"458",2021-11-21,"on",11639158.0761006,10994305.5483413,134.162669906393,4424.76125079021,4558.9239206966,12932324,14789778,"ON"
"459",2021-11-22,"on",11639023.9352716,10989883.455477,-134.140829028562,-4422.09286423959,-4556.23369326815,12932324,14789778,"ON"
"460",2021-11-23,"on",11639158.0550373,10994304.4895063,134.119765713811,4421.03402932175,4555.15379503556,12932324,14789778,"ON"
"461",2021-11-24,"on",11639023.9570914,10989885.3383473,-134.097945906222,-4419.15115907602,-4553.24910498224,12932324,14789778,"ON"
"462",2021-11-25,"on",11639158.033994,10994303.7335134,134.076902665198,4418.39516614936,4552.47206881456,12932324,14789778,"ON"
"463",2021-11-26,"on",11639023.9788901,10989886.698351,-134.055103896186,-4417.03516244888,-4551.09026634507,12932324,14789778,"ON"
"464",2021-11-27,"on",11639158.0129708,10994303.1794332,134.034080699086,4416.48108224198,4550.51516294107,12932324,14789778,"ON"
"465",2021-11-28,"on",11639024.0006679,10989887.7098625,-134.012302935123,-4415.469570674,-4549.48187360913,12932324,14789778,"ON"
"466",2021-11-29,"on",11639157.9919676,10994302.7600836,133.991299748421,4415.05022110976,4549.04152085818,12932324,14789778,"ON"
"467",2021-11-30,"on",11639024.0224247,10989888.4888784,-133.969542954117,-4414.27120524086,-4548.24074819498,12932324,14789778,"ON"
"468",2021-12-01,"on",11639157.9709844,10994302.4306942,133.948559744284,4413.94181581959,4547.89037556387,12932324,14789778,"ON"
"469",2021-12-02,"on",11639024.0441606,10989889.1126654,-133.926823886111,-4413.31802883372,-4547.24485271983,12932324,14789778,"ON"
"470",2021-12-03,"on",11639157.9500212,10994302.1614056,133.905860625207,4413.04874020256,4546.95460082777,12932324,14789778,"ON"
"471",2021-12-04,"on",11639024.0658755,10989889.6327401,-133.884145671502,-4412.52866545878,-4546.41281113029,12932324,14789778,"ON"
"472",2021-12-05,"on",11639157.9290778,10994301.9322919,133.863202326,4412.29955172911,4546.16275405511,12932324,14789778,"ON"
"473",2021-12-06,"on",11639024.0875696,10989890.0834734,-133.841508243233,-4411.84881846979,-4545.69032671303,12932324,14789778,"ON"
"474",2021-12-07,"on",11639157.9081544,10994301.7300504,133.820584781468,4411.64657703973,4545.4671618212,12932324,14789778,"ON"
"475",2021-12-08,"on",11639024.1092428,10989890.4878075,-133.79891153425,-4411.24224294722,-4545.04115448147,12932324,14789778,"ON"
"476",2021-12-09,"on",11639157.8872508,10994301.5457977,133.778007924557,4411.05799017847,4544.83599810302,12932324,14789778,"ON"
"477",2021-12-10,"on",11639024.1308953,10989890.8610617,-133.75635547936,-4410.68473597057,-4544.44109144993,12932324,14789778,"ON"
"478",2021-12-11,"on",11639157.866367,10994301.3735995,133.735471690074,4410.5125377886,4544.24800947867,12932324,14789778,"ON"
"479",2021-12-12,"on",11639024.152527,10989891.213468,-133.713840015233,-4410.16013151594,-4543.87397153117,12932324,14789778,"ON"
"480",2021-12-13,"on",11639157.845503,10994301.2094913,133.692976016551,4409.9960233178,4543.68899933435,12932324,14789778,"ON"
"481",2021-12-14,"on",11639024.1741379,10989891.5518618,-133.671365078539,-4409.65762944333,-4543.32899452187,12932324,14789778,"ON"
"482",2021-12-15,"on",11639157.8246587,10994301.0508238,133.650520836934,4409.49896197952,4543.14948281646,12932324,14789778,"ON"
"483",2021-12-16,"on",11639024.1957281,10989891.8808107,-133.628930602223,-4409.17001311667,-4542.7989437189,12932324,14789778,"ON"
"484",2021-12-17,"on",11639157.8038342,10994300.8958265,133.608106087893,4409.01501582935,4542.62312191725,12932324,14789778,"ON"
"485",2021-12-18,"on",11639024.2172977,10989892.2033669,-133.586536524817,-4408.69245962799,-4542.2789961528,12932324,14789778,"ON"
"486",2021-12-19,"on",11639157.7830294,10994300.7433159,133.56573170796,4408.53994904272,4542.10568075068,12932324,14789778,"ON"
"487",2021-12-20,"on",11639024.2388466,10989892.5215706,-133.544182782993,-4408.22174534202,-4541.76592812501,12932324,14789778,"ON"
"488",2021-12-21,"on",11639157.7622442,10994300.5925009,133.523397630081,4408.0709302891,4541.59432791919,12932324,14789778,"ON"
"489",2021-12-22,"on",11639024.2603749,10989892.8367856,-133.501869309694,-4407.75571523793,-4541.25758454762,12932324,14789778,"ON"
"490",2021-12-23,"on",11639157.7414787,10994300.4428524,133.481103790924,4407.6060667336,4541.08717052452,12932324,14789778,"ON"
"491",2021-12-24,"on",11639024.2818827,10989893.1499239,-133.45959604159,-4407.29292846471,-4540.7525245063,12932324,14789778,"ON"
"492",2021-12-25,"on",11639157.7207328,10994300.2940167,133.438850125298,4407.14409277402,4540.58294289932,12932324,14789778,"ON"
"493",2021-12-26,"on",11639024.3033699,10989893.4615952,-133.417362917215,-4406.83242151327,-4540.24978443049,12932324,14789778,"ON"
"494",2021-12-27,"on",11639157.7000065,10994300.1457572,133.396636573598,4406.68416205421,4540.08079862781,12932324,14789778,"ON"
"495",2021-12-28,"on",11639024.3248366,10989893.7722073,-133.375169871375,-4406.37354994379,-4539.74871981516,12932324,14789778,"ON"
"496",2021-12-29,"on",11639157.6792997,10994299.9979157,133.354463070631,4406.22570845485,4539.58017152548,12932324,14789778,"ON"
"497",2021-12-30,"on",11639024.3462828,10989894.0820331,-133.333016844466,-4405.91588266008,-4539.24889950454,12932324,14789778,"ON"
"498",2021-12-31,"on",11639157.6586124,10994299.8503863,133.312329553068,4405.76835324988,4539.08068280295,12932324,14789778,"ON"
"499",2022-01-01,"on",11639024.3677086,10989894.3912552,-133.290903765708,-4405.45913115889,-4538.7500349246,12932324,14789778,"ON"
"500",2022-01-02,"on",11639157.6379446,10994299.7030981,133.270235953853,4405.31184294634,4538.58207890019,12932324,14789778,"ON"
"501",2021-09-25,"qc",6736015.75,6280582.75,NA,NA,NA,7489235,8585523,"QC"
"502",2021-09-26,"qc",6741841.375,6290012.35922091,5825.625,9429.60922091175,15255.2342209117,7489235,8585523,"QC"
"503",2021-09-27,"qc",6738158.98545269,6299353.14544822,-3682.38954730611,9340.78622730728,5658.39668000117,7489235,8585523,"QC"
"504",2021-09-28,"qc",6741636.66862017,6308641.38867373,3477.68316747807,9288.24322551209,12765.9263929902,7489235,8585523,"QC"
"505",2021-09-29,"qc",6738531.55283577,6317791.58348749,-3105.11578440387,9150.19481376372,6045.07902935985,7489235,8585523,"QC"
"506",2021-09-30,"qc",6741506.25148376,6326845.61034417,2974.69864799082,9054.02685667388,12028.7255046647,7489235,8585523,"QC"
"507",2021-10-01,"qc",6738753.2187487,6335648.0767196,-2753.03273505718,8802.46637543198,6049.4336403748,7489235,8585523,"QC"
"508",2021-10-02,"qc",6741411.89075199,6344247.46395095,2658.67200328968,8599.38723134901,11258.0592346387,7489235,8585523,"QC"
"509",2021-10-03,"qc",6738906.39590612,6352251.09263863,-2505.49484587554,8003.62868768256,5498.13384180702,7489235,8585523,"QC"
"510",2021-10-04,"qc",6741338.85376661,6359680.38579282,2432.45786049776,7429.2931541875,9861.75101468526,7489235,8585523,"QC"
"511",2021-10-05,"qc",6739020.9590421,6364648.53492616,-2317.89472451434,4968.14913334418,2650.25440882985,7489235,8585523,"QC"
"512",2021-10-06,"qc",6741279.84692504,6367619.38619625,2258.88788294513,2970.85127008893,5229.73915303405,7489235,8585523,"QC"
"513",2021-10-07,"qc",6739111.03803156,6353716.7554447,-2168.80889348872,-13902.6307515511,-16071.4396450398,7489235,8585523,"QC"
"514",2021-10-08,"qc",6741230.72571318,6360924.43844243,2119.68768162001,7207.68299772684,9327.37067934684,7489235,8585523,"QC"
"515",2021-10-09,"qc",6739184.37486325,6365276.24930327,-2046.35084992182,4351.81086084247,2305.46001092065,7489235,8585523,"QC"
"516",2021-10-10,"qc",6741188.91410822,6367465.04156145,2004.53924496658,2188.79225818068,4193.33150314726,7489235,8585523,"QC"
"517",2021-10-11,"qc",6739245.63854488,6356405.03862989,-1943.27556334436,-11060.0029315595,-13003.2784949038,7489235,8585523,"QC"
"518",2021-10-12,"qc",6741152.70559833,6363111.28419645,1907.06705345772,6706.24556655996,8613.31262001768,7489235,8585523,"QC"
"519",2021-10-13,"qc",6739297.84379037,6365735.92614735,-1854.86180796288,2624.64195089694,769.780142934062,7489235,8585523,"QC"
"520",2021-10-14,"qc",6741120.91416744,6367229.39218258,1823.07037706487,1493.46603523102,3316.53641229589,7489235,8585523,"QC"
"521",2021-10-15,"qc",6739343.03977788,6358729.51607706,-1777.87438955903,-8499.87610551622,-10277.7504950752,7489235,8585523,"QC"
"522",2021-10-16,"qc",6741092.68403142,6364830.35139313,1749.64425353985,6100.8353160657,7850.47956960555,7489235,8585523,"QC"
"523",2021-10-17,"qc",6739382.67652541,6365106.82056052,-1710.00750600267,276.46916739177,-1433.5383386109,7489235,8585523,"QC"
"524",2021-10-18,"qc",6741067.37873626,6367361.62617866,1684.70221084822,2254.80561813712,3939.50782898534,7489235,8585523,"QC"
"525",2021-10-19,"qc",6739417.81385895,6358429.00530144,-1649.5648773117,-8932.62087721564,-10582.1857545273,7489235,8585523,"QC"
"526",2021-10-20,"qc",6741044.51299956,6364605.20242969,1626.69914060924,6176.19712824654,7802.89626885578,7489235,8585523,"QC"
"527",2021-10-21,"qc",6739449.24736927,6365397.2574216,-1595.26563029177,792.05499190744,-803.210638384335,7489235,8585523,"QC"
"528",2021-10-22,"qc",6741023.70897801,6367233.21778201,1574.46160874702,1835.96036041714,3410.42196916416,7489235,8585523,"QC"
"529",2021-10-23,"qc",6739477.58782378,6359542.1193072,-1546.12115423661,-7691.09847481642,-9237.21962905303,7489235,8585523,"QC"
"530",2021-10-24,"qc",6741004.66718522,6365352.75610447,1527.07936144248,5810.6367972726,7337.71615871508,7489235,8585523,"QC"
"531",2021-10-25,"qc",6739503.31313919,6364790.11863656,-1501.35404603183,-562.637467907742,-2063.99151393957,7489235,8585523,"QC"
"532",2021-10-26,"qc",6740987.14655803,6367323.10101344,1483.83341884334,2532.98237687256,4016.8157957159,7489235,8585523,"QC"
"533",2021-10-27,"qc",6739526.80348775,6359355.39600992,-1460.34307028726,-7967.70500351861,-9428.04807380587,7489235,8585523,"QC"
"534",2021-10-28,"qc",6740970.95043471,6365219.28218125,1444.14694696292,5863.88617133629,7308.03311829921,7489235,8585523,"QC"
"535",2021-10-29,"qc",6739548.36566173,6365035.4128791,-1422.58477297984,-183.869302156381,-1606.45407513622,7489235,8585523,"QC"
"536",2021-10-30,"qc",6740955.91646716,6367249.44445538,1407.55080543645,2214.03157628607,3621.58238172252,7489235,8585523,"QC"
"537",2021-10-31,"qc",6739568.25038504,6359983.33989039,-1387.66608212329,-7266.10456499271,-8653.77064711601,7489235,8585523,"QC"
"538",2021-11-01,"qc",6740941.90921908,6365612.05079686,1373.65883403923,5628.71090646554,7002.36974050477,7489235,8585523,"QC"
"539",2021-11-02,"qc",6739586.66486944,6364630.32817949,-1355.24434963614,-981.722617367283,-2336.96696700342,7489235,8585523,"QC"
"540",2021-11-03,"qc",6740928.81463926,6367278.04236517,1342.14976981934,2647.71418568213,3989.86395550147,7489235,8585523,"QC"
"541",2021-11-04,"qc",6739603.78208901,6360041.52953458,-1325.03255025391,-7236.51283059269,-8561.5453808466,7489235,8585523,"QC"
"542",2021-11-05,"qc",6740916.53587065,6365638.84731395,1312.7537816409,5597.31777937245,6910.07156101335,7489235,8585523,"QC"
"543",2021-11-06,"qc",6739619.7477425,6364667.84903865,-1296.78812814597,-970.998275300488,-2267.78640344646,7489235,8585523,"QC"
"544",2021-11-07,"qc",6740904.9900276,6367250.22660403,1285.24228509236,2582.37756537646,3867.61985046882,7489235,8585523,"QC"
"545",2021-11-08,"qc",6739634.68555663,6360346.65465167,-1270.30447097216,-6903.57195235789,-8173.87642333005,7489235,8585523,"QC"
"546",2021-11-09,"qc",6740894.10568645,6365814.66672454,1259.42012982164,5468.01207287423,6727.43220269587,7489235,8585523,"QC"
"547",2021-11-10,"qc",6739648.70137876,6364473.99345646,-1245.40430769138,-1340.67326808162,-2586.077575773,7489235,8585523,"QC"
"548",2021-11-11,"qc",6740883.82090913,6367242.50699639,1235.11953037418,2768.51353992801,4003.6330703022,7489235,8585523,"QC"
"549",2021-11-12,"qc",6739661.88637332,6360528.1516152,-1221.93453580607,-6714.35538118985,-7936.28991699591,7489235,8585523,"QC"
"550",2021-11-13,"qc",6740874.08167034,6365912.88908398,1212.19529701862,5384.73746877816,6596.93276579678,7489235,8585523,"QC"
"551",2021-11-14,"qc",6739674.31954525,6364378.40950717,-1199.76212508883,-1534.47957680374,-2734.24170189258,7489235,8585523,"QC"
"552",2021-11-15,"qc",6740864.84059395,6367227.06726818,1190.52104870044,2848.65776100196,4039.1788097024,7489235,8585523,"QC"
"553",2021-11-16,"qc",6739686.06975201,6360724.36198497,-1178.77084194217,-6502.70528320316,-7681.47612514533,7489235,8585523,"QC"
"554",2021-11-17,"qc",6740856.05592896,6366017.04600748,1169.98617694527,5292.68402250856,6462.67019945383,7489235,8585523,"QC"
"555",2021-11-18,"qc",6739697.19732256,6364258.46344091,-1158.85860639811,-1758.58256657515,-2917.44117297325,7489235,8585523,"QC"
"556",2021-11-19,"qc",6740847.69071284,6367211.44953429,1150.49339028355,2952.98609338142,4103.47948366497,7489235,8585523,"QC"
"557",2021-11-20,"qc",6739707.75537097,6360903.47461498,-1139.93534187414,-6307.97491930518,-7447.91026117932,7489235,8585523,"QC"
"558",2021-11-21,"qc",6740839.712083,6366108.88871848,1131.95671203174,5205.41410349403,6337.37081552576,7489235,8585523,"QC"
"559",2021-11-22,"qc",6739717.79087061,6364146.4672382,-1121.92121238541,-1962.42148027755,-3084.34269266296,7489235,8585523,"QC"
"560",2021-11-23,"qc",6740832.09070603,6367194.52149141,1114.2998354109,3048.05425321031,4162.35408862121,7489235,8585523,"QC"
"561",2021-11-24,"qc",6739727.34553889,6361073.24454765,-1104.74516713526,-6121.27694375347,-7226.02211088873,7489235,8585523,"QC"
"562",2021-11-25,"qc",6740824.8003017,6366193.14086698,1097.45476280805,5119.89631932415,6217.3510821322,7489235,8585523,"QC"
"563",2021-11-26,"qc",6739736.45657079,6364036.7651271,-1088.34373090696,-2156.37573987804,-3244.719470785,7489235,8585523,"QC"
"564",2021-11-27,"qc",6740817.81724354,6367176.36915904,1081.36067274958,3139.60403193813,4220.96470468771,7489235,8585523,"QC"
"565",2021-11-28,"qc",6739745.15725098,6361235.237728,-1072.65999255888,-5941.13143104129,-7013.79142360017,7489235,8585523,"QC"
"566",2021-11-29,"qc",6740811.12022175,6366270.87668301,1065.9629707709,5035.63895501103,6101.60192578193,7489235,8585523,"QC"
"567",2021-11-30,"qc",6739753.47746746,6363929.29159717,-1057.64275429212,-2341.58508583996,-3399.22784013208,7489235,8585523,"QC"
"568",2021-12-01,"qc",6740804.68995729,6367157.00767749,1051.21248982567,3227.71608032007,4278.92857014574,7489235,8585523,"QC"
"569",2021-12-02,"qc",6739761.44414501,6361390.88284568,-1043.24581227265,-5766.12483180501,-6809.37064407766,7489235,8585523,"QC"
"570",2021-12-03,"qc",6740798.50895811,6366343.01784789,1037.06481309328,4952.13500220515,5989.19981529843,7489235,8585523,"QC"
"571",2021-12-04,"qc",6739769.08161286,6363823.85124474,-1029.42734524887,-2519.16660314426,-3548.59394839313,7489235,8585523,"QC"
"572",2021-12-05,"qc",6740792.56131044,6367136.46355594,1023.47969757859,3312.61231119372,4336.09200877231,7489235,8585523,"QC"
"573",2021-12-06,"qc",6739776.41191799,6361541.22981797,-1016.1493924465,-5595.23373796698,-6611.38313041348,7489235,8585523,"QC"
"574",2021-12-07,"qc",6740786.83249919,6366410.22621288,1010.42058120016,4868.99639490992,5879.41697611008,7489235,8585523,"QC"
"575",2021-12-08,"qc",6739783.45509346,6363720.45060861,-1003.3774057338,-2689.77560427412,-3693.15301000793,7489235,8585523,"QC"
"576",2021-12-09,"qc",6740781.30925288,6367114.79402034,997.854159422219,3394.34341172874,4392.19757115096,7489235,8585523,"QC"
"577",2021-12-10,"qc",6739790.22938904,6361686.96609468,-991.079863840714,-5427.82792565506,-6418.90778949577,7489235,8585523,"QC"
"578",2021-12-11,"qc",6740775.97940911,6366472.93972533,985.75002006907,4785.97363064531,5771.72365071438,7489235,8585523,"QC"
"579",2021-12-12,"qc",6739796.75147042,6363619.34577299,-979.227938691154,-2853.59395233262,-3832.82189102378,7489235,8585523,"QC"
"580",2021-12-13,"qc",6740770.83179752,6367092.10977255,974.080327108502,3472.76399955992,4446.84432666842,7489235,8585523,"QC"
"581",2021-12-14,"qc",6739803.03659179,6361828.40823703,-967.795205737464,-5263.70153552387,-6231.49674126133,7489235,8585523,"QC"
"582",2021-12-15,"qc",6740765.85613758,6366531.3968317,962.819545793347,4702.98859467357,5665.80814046692,7489235,8585523,"QC"
"583",2021-12-16,"qc",6739809.09874602,6363521.08974535,-956.757391560823,-3010.30708635226,-3967.06447791308,7489235,8585523,"QC"
"584",2021-12-17,"qc",6740761.04294893,6367068.60197484,951.944202911109,3547.51222949009,4499.4564324012,7489235,8585523,"QC"
"585",2021-12-18,"qc",6739814.95079572,6361965.47459215,-946.092153209262,-5103.12738269474,-6049.21953590401,7489235,8585523,"QC"
"586",2021-12-19,"qc",6740756.38347267,6366585.65520123,941.432676949538,4620.18060908653,5561.61328603607,7489235,8585523,"QC"
"587",2021-12-20,"qc",6739820.60458803,6363426.57349443,-935.77888464462,-3159.08170680702,-4094.86059145164,7489235,8585523,"QC"
"588",2021-12-21,"qc",6740751.86960188,6367044.57047173,931.265013855882,3617.9969773069,4549.26199116278,7489235,8585523,"QC"
"589",2021-12-22,"qc",6739826.07105545,6362097.65558933,-925.798546436243,-4946.91488240752,-5872.71342884377,7489235,8585523,"QC"
"590",2021-12-23,"qc",6740747.49382021,6366635.61395914,921.422764762305,4537.95836981945,5459.38113458175,7489235,8585523,"QC"
"591",2021-12-24,"qc",6739831.36030473,6363337.04030217,-916.133515480906,-3298.57365697529,-4214.7071724562,7489235,8585523,"QC"
"592",2021-12-25,"qc",6740743.24914739,6367020.44615372,911.888842664659,3683.40585154854,4595.2946942132,7489235,8585523,"QC"
"593",2021-12-26,"qc",6739836.48169538,6362224.00712525,-906.767452009954,-4796.43902846519,-5703.20648047514,7489235,8585523,"QC"
"594",2021-12-27,"qc",6740739.12909085,6366681.04914927,902.647395465523,4457.04202401638,5359.6894194819,7489235,8585523,"QC"
"595",2021-12-28,"qc",6739841.44390927,6363254.04478102,-897.685181573033,-3427.00436824933,-4324.68954982236,7489235,8585523,"QC"
"596",2021-12-29,"qc",6740735.12760249,6366996.7957461,893.683693218976,3742.75096507743,4636.43465829641,7489235,8585523,"QC"
"597",2021-12-30,"qc",6739846.25501244,6362343.20033733,-888.872590052895,-4653.59540876374,-5542.46799881663,7489235,8585523,"QC"
"598",2021-12-31,"qc",6740731.23904019,6366721.67029523,884.984027747996,4378.46995789278,5263.45398564078,7489235,8585523,"QC"
"599",2022-01-01,"qc",6739850.92251015,6363179.32766176,-880.31653003674,-3542.34263346251,-4422.65916349925,7489235,8585523,"QC"
"600",2022-01-02,"qc",6740727.45813319,6366974.29487405,876.535623037256,3794.96721228957,4671.50283532683,7489235,8585523,"QC"
